label,Omega_over_gamma,Delta_over_gamma,winner_k,gap_k1,gap_k2,gap_k3,gap_k4,gap_k5,gap_k6
resonance weak drive,0.1,0.0,1,0.020871215252207996,0.0687379726449838,0.17956384861468555,0.26470884504566206,0.27264733946143777,0.28195056286609965
resonance strong drive,1.5,0.0,1,0.24999999999999956,0.4601727082143867,0.6134165007803327,0.7403845947801839,0.8506179573620187,0.9492588637193737
inside k=2 wedge,0.35,0.18,2,0.33083717835005444,0.3107382708124968,0.3511857780136997,0.4029797336409692,0.4547256301464044,0.5018896801161596
near wedge boundary,0.33,0.18,1,0.3009803452773103,0.3094895888899007,0.34383892274158856,0.3913298363918279,0.44062488901965685,0.48659749347086306
outside wedge,0.5,0.18,1,0.2818099176565353,0.33456131492622226,0.41219861953691134,0.48398300949532025,0.5449175164532997,0.598263609239387
higher-rank reorder,0.17614656,0.10116011,1,0.0681042695411762,0.29639315844208874,0.2892166509234519,0.30224233981088483,0.3216793726048629,0.3447169276290899
