N,dimension_full_liouvillian,num_full_eigs,num_block_eigs,max_abs_nearest_mismatch,mean_abs_nearest_mismatch
4,25,25,25,1.1102230246251565e-14,2.6185971395636346e-15
6,49,49,49,9.947697427203281e-14,8.577455515566815e-15
8,81,81,81,9.239723984799598e-14,1.2674923045447515e-14
